<?xml version="1.0"?>
<module>
  <type>language</type>
  <name>Deutsch</name>
  <label>DE Deutsch</label>
  <prefix>de_de</prefix>
  <version>5.3.0</version>
  <dependencies>
    <vtiger_version>5.3.0</vtiger_version>
	<vtiger_max_version>5.*</vtiger_max_version>
  </dependencies>
  <license>
   <inline><![CDATA[
 ********************************************************************************
 * The contents of these file is subject to the vtiger Public License Version 1.0
 * ("License"); You may not use this file except in compliance with the License.
 * Software distributed under the License is distributed on an  "AS IS"  basis,
 * WITHOUT WARRANTY OF ANY KIND, either express or implied. See the License for
 * the specific language governing rights and limitations under the License.
 ********************************************************************************
 *  Language     : Deutsch
 *  Version      : 5.3.0
 ********************************************************************************
]]></inline>
  </license>
</module>
